KeyDate,skew_change,swap_change,vix_change,Close_change,slope_change,skew_change_Weekly,swap_change_Weekly,vix_change_Weekly,Close_change_Weekly,slope_change_Weekly
"2019-01-02 00:00:00",-0.00458404,-0.00496562,-0.086546,0.0012685,-0.238095,NULL,NULL,NULL,NULL,-0.0266165
"2019-01-03 00:00:00",-0.0429814,NULL,0.0960379,-0.0247567,0.0625,NULL,NULL,NULL,NULL,-0.0246429
"2019-01-04 00:00:00",-0.00695063,-0.0126679,-0.159921,0.0343357,0,NULL,NULL,NULL,NULL,-0.0346429
"2019-01-07 00:00:00",0.0190237,0.00544323,0.000935454,0.00701043,0,NULL,NULL,NULL,NULL,-0.025119
"2019-01-08 00:00:00",0.0153223,0.020495,-0.0434579,0.00969528,-0.117647,-0.00403402,NULL,-0.0385904,0.00551064,-0.0586485
"2019-01-09 00:00:00",0.0148309,0.00530504,-0.0239375,0.00409805,0.2,-0.000151036,0.00272194,-0.0260687,0.00607655,0.0289706
"2019-01-10 00:00:00",0.00606786,-0.00490011,-0.024024,0.00451842,0,0.00965882,0.00273504,-0.0500811,0.0119316,0.0164706
"2019-01-11 00:00:00",0.0116378,-0.00454545,-0.0671795,-0.000146298,-0.111111,0.0133765,0.00435954,-0.0315327,0.00503518,-0.00575163
"2019-01-14 00:00:00",0.0513057,0.00380517,0.0483782,-0.00525753,0.125,0.0198329,0.00403192,-0.0220441,0.00258159,0.0192484
"2019-01-15 00:00:00",0.0133387,-0.00075815,-0.024646,0.0107217,0.0555556,0.0194362,-0.000218701,-0.0182818,0.00278687,0.0538889
"2019-01-16 00:00:00",0.0377552,0.0102428,0.0236559,0.00222199,-0.0526316,0.024021,0.00076885,-0.00876308,0.00241165,0.00336257
"2019-01-17 00:00:00",0.0103296,0.0022531,-0.0514706,0.0075914,0.0555556,0.0248734,0.00219949,-0.0142524,0.00302625,0.0144737
"2019-01-18 00:00:00",-0.0137573,0.019483,-0.0143965,0.0131831,-0.105263,0.0197944,0.00700517,-0.00369579,0.00569212,0.0156433
"2019-01-22 00:00:00",-0.0638006,-0.0106578,0.168539,-0.0141573,-0.0588235,-0.00322689,0.00411257,0.0203364,0.00391216,-0.0211214
"2019-01-23 00:00:00",0.00863052,-0.00148588,-0.0615385,0.00220291,0.125,-0.00416852,0.00396702,0.0129579,0.00220841,-0.00723254
"2019-01-24 00:00:00",0.0568292,-0.0104167,-0.0322746,0.00137573,-0.111111,-0.000353716,-0.000164869,0.00177185,0.00203916,-0.0189284
"2019-01-25 00:00:00",-0.03674,0.0105263,-0.077819,0.00848869,0,-0.00976764,0.00148977,-0.00349783,0.00221862,-0.0300396
"2019-01-28 00:00:00",-0.0241852,-0.0014881,0.0832377,-0.00784683,-0.0625,-0.0118532,-0.00270444,0.016029,-0.00198736,-0.0214869
"2019-01-29 00:00:00",-0.0094263,-0.0100596,0.0137785,-0.00145625,0.0666667,-0.000978364,-0.00258479,-0.0149232,0.000552852,0.00361111
"2019-01-30 00:00:00",0.0113208,0.00414001,-0.0768427,0.0155493,0.125,-0.000440316,-0.00145961,-0.017984,0.00322212,0.00361111
"2019-01-31 00:00:00",0.0263628,-0.0371064,-0.0617214,0.0085974,0,-0.0065336,-0.00679757,-0.0238734,0.00466646,0.0258333
"2019-02-01 00:00:00",-0.00395163,0.013624,-0.0259505,0.00089861,0,0.0000240686,-0.00617803,-0.0134997,0.00314844,0.0258333
"2019-02-04 00:00:00",0.018805,0.0107527,-0.0254027,0.00677624,0.111111,0.00862212,-0.00372988,-0.0352278,0.00607305,0.0605556
"2019-02-05 00:00:00",-0.038785,-0.00493921,-0.0101716,0.00470842,-0.1,0.00275037,-0.0027058,-0.0400178,0.00730598,0.0272222
"2019-02-06 00:00:00",0.00243072,-0.00343643,-0.012203,-0.00222444,0,0.000972369,-0.00422108,-0.0270898,0.00375124,0.00222222
"2019-02-07 00:00:00",0.00590042,-0.0141762,0.0643693,-0.00935714,-0.0555556,-0.0031201,0.000364957,-0.00187171,0.000160338,-0.00888889
"2019-02-08 00:00:00",0.0262756,-0.0104936,-0.0397068,0.000676201,0.0588235,0.00292535,-0.00445856,-0.00462296,0.000115856,0.00287582
"2019-02-11 00:00:00",0.0115096,0.00903378,0.0159033,0.000709103,-0.0555556,0.00146625,-0.00480234,0.00363825,-0.00109757,-0.0304575
"2019-02-12 00:00:00",-0.00456692,0.00739587,-0.0338134,0.0128902,0.0588235,0.00830988,-0.00233532,-0.0010901,0.00053879,0.00130719
"2019-02-13 00:00:00",-0.0115086,0.0100464,0.0142579,0.00302399,0,0.00552202,0.000361238,0.00420208,0.00158848,0.00130719
"2019-02-14 00:00:00",-0.00180931,-0.0130069,0.0364217,-0.00265164,-0.111111,0.00398008,0.000595109,-0.00138744,0.00292958,-0.00980392
"2019-02-15 00:00:00",0.020963,0.00775194,-0.0807645,0.0108788,-0.125,0.00291756,0.00424421,-0.00959898,0.00497009,-0.0465686
"2019-02-19 00:00:00",-0.0375917,-0.0157692,-0.00201207,0.00149874,0.0714286,-0.00690268,-0.000716387,-0.0131821,0.00512801,-0.0211718
"2019-02-20 00:00:00",-0.0103465,0.000390778,-0.0577957,0.00177711,0,-0.0080586,-0.00211741,-0.0179785,0.00290539,-0.0329365
"2019-02-21 00:00:00",-0.00786125,0.009375,0.0313837,-0.00352644,0.0666667,-0.00732914,-0.00225168,-0.0145534,0.00159531,-0.0196032
"2019-02-22 00:00:00",-0.0109459,-0.0112229,-0.0656985,0.0064111,0.0625,-0.00915646,-0.00189489,-0.0349774,0.00340785,0.015119
"2019-02-25 00:00:00",0.0544268,-0.000782779,0.0991858,0.00123186,-0.0588235,-0.0024637,-0.00360183,0.00101266,0.00147848,0.0283543
"2019-02-26 00:00:00",-0.016762,-0.0125343,0.0215488,-0.000790457,0,0.00170224,-0.00295484,0.00572483,0.00102064,0.0140686
"2019-02-27 00:00:00",0.00724926,0.00555335,-0.0309822,-0.000544049,0.1875,0.00522139,-0.00192232,0.0110875,0.000556404,0.0515686
"2019-02-28 00:00:00",0,0.0161736,0.00544218,-0.00282551,0.105263,0.00679364,-0.000562608,0.00589922,0.00069659,0.0592879
"2019-03-01 00:00:00",0.00419171,0.00504658,-0.0818674,0.00689532,0,0.00982117,0.00269129,0.00266544,0.000793434,0.0467879
"2019-03-04 00:00:00",-0.0152004,0.0038625,0.0781135,-0.00388056,-0.190476,-0.00410429,0.00362035,-0.00154902,-0.00022905,0.0204574
"2019-03-05 00:00:00",0.0108765,0.00500192,0.0075188,-0.00113153,0,0.00142341,0.00712758,-0.00435503,-0.000297266,0.0204574
"2019-03-06 00:00:00",-0.00474684,-0.0103369,0.0678426,-0.0065241,0,-0.000975809,0.00394953,0.0154099,-0.00149328,-0.0170426
"2019-03-07 00:00:00",-0.0211447,-0.0154739,0.0540025,-0.00812572,0,-0.00520474,-0.00237996,0.025122,-0.00255332,-0.0380952
"2019-03-08 00:00:00",0.021033,-0.00550098,-0.0325497,-0.00213169,0,-0.00183649,-0.00448947,0.0349855,-0.00435872,-0.0380952
"2019-03-11 00:00:00",0.0572656,0.00395101,-0.107165,0.014666,0,0.0126567,-0.00447177,-0.00207018,-0.000649399,0
"2019-03-12 00:00:00",-0.0207628,-0.00826446,-0.0390789,0.00295332,-0.0588235,0.00632884,-0.00712505,-0.0113897,0.000167571,-0.0117647
"2019-03-13 00:00:00",0.0184374,-0.00198413,-0.0261438,0.00694958,0,0.0109657,-0.00545449,-0.030187,0.00286231,-0.0117647
"2019-03-14 00:00:00",-0.0150864,-0.00119284,0.00671141,-0.000868023,0.0625,0.0121774,-0.00259828,-0.0396452,0.00431385,0.000735294
"2019-03-15 00:00:00",-0.0138623,-0.00955414,-0.0459259,0.0049849,-0.0588235,0.00519831,-0.00340891,-0.0423205,0.00573716,-0.0110294
"2019-03-18 00:00:00",-0.0128922,0.00643087,0.0170807,0.00370595,-0.0625,-0.00883325,-0.00291294,-0.0174713,0.00354515,-0.0235294
"2019-03-19 00:00:00",-0.0312352,-0.000798722,0.0351145,-0.000130562,0,-0.0109277,-0.00141979,-0.00263261,0.00292837,-0.0117647
"2019-03-20 00:00:00",-0.0206286,-0.00679456,0.0258112,-0.00294435,-0.0666667,-0.0187409,-0.00238188,0.00775839,0.000949582,-0.025098
"2019-03-21 00:00:00",0.000663405,-0.0261569,-0.0201294,0.0108525,-0.0714286,-0.015591,-0.0073747,0.00239023,0.00329368,-0.0518838
"2019-03-22 00:00:00",-0.0258556,-0.0384298,0.209098,-0.0189745,0,-0.0179897,-0.0131498,0.0533949,-0.0014982,-0.040119
"2019-03-25 00:00:00",0.000425351,-0.0219166,-0.00910194,-0.000839021,0.307692,-0.0153261,-0.0188193,0.0481584,-0.00240719,0.0339194
"2019-03-26 00:00:00",0.00170068,-0.000439367,-0.101041,0.00718273,0,-0.00873896,-0.0187475,0.0209273,-0.000944534,0.0339194
"2019-03-27 00:00:00",0,-0.0364835,0.0320163,-0.00464433,0,-0.00461324,-0.0246852,0.0221683,-0.00128453,0.0472527
"2019-03-28 00:00:00",-0.00118846,0.0278285,-0.0475248,0.00358948,-0.0588235,-0.00498361,-0.0138882,0.0166892,-0.00273713,0.0497738
"2019-03-29 00:00:00",0.0280469,0.023968,-0.0498961,0.00673428,-0.125,0.0057969,-0.0014086,-0.0351095,0.00240463,0.0247738
"2019-04-01 00:00:00",0,0.0247074,-0.0226112,0.0115686,0.142857,0.00571183,0.00791621,-0.0378113,0.00488615,-0.00819328
"2019-04-02 00:00:00",0.0480324,-0.00676819,-0.00298507,0.0000174558,0.125,0.0149782,0.00665044,-0.0182002,0.0034531,0.0168067
"2019-04-03 00:00:00",-0.00638952,0.00979557,0.0284431,0.00214838,0.0555556,0.0137003,0.0159063,-0.0189148,0.00481164,0.0279178
"2019-04-04 00:00:00",0.00214354,0.00253058,-0.0116448,0.00208464,-0.0526316,0.0143667,0.0108467,-0.0117388,0.00451067,0.0291562
"2019-04-05 00:00:00",0.0199636,-0.00252419,-0.0559647,0.00463643,-0.166667,0.01275,0.00554824,-0.0129525,0.0040911,0.0208229
"2019-04-08 00:00:00",0.00295146,0.00126529,0.0280811,0.00104746,0.0666667,0.0133403,0.000859812,-0.00281406,0.00198687,0.0055848
"2019-04-09 00:00:00",-0.0113839,-0.00379107,0.0834598,-0.00606749,0,0.00145703,0.00145524,0.0144749,0.000769882,-0.0194152
"2019-04-10 00:00:00",-0.000391665,-0.0114165,-0.0686275,0.00347787,0.0625,0.0026566,-0.00278718,-0.00493921,0.00103578,-0.0180263
"2019-04-11 00:00:00",-0.0108142,0.0106929,-0.0210526,0.0000381229,-0.0588235,0.0000650547,-0.00115471,-0.00682077,0.000626479,-0.0192647
"2019-04-12 00:00:00",-0.0159233,0.0224291,-0.077573,0.00660932,0,-0.00711232,0.00383595,-0.0111424,0.00102106,0.0140686
"2019-04-15 00:00:00",0.0279343,0.00662252,0.0258118,-0.000629369,-0.0625,-0.00211575,0.00490739,-0.0115963,0.000685691,-0.0117647
"2019-04-16 00:00:00",-0.0147232,0.00370066,-0.0113636,0.000509358,0.266667,-0.00278361,0.00640574,-0.030561,0.00200106,0.0415686
"2019-04-17 00:00:00",-0.000238455,0.00204834,0.0344828,-0.00227381,0,-0.00275296,0.00909871,-0.00993893,0.000850725,0.0290686
"2019-04-18 00:00:00",-0.0173318,-0.0118561,-0.0404762,0.00157909,0,-0.00405649,0.00458891,-0.0138236,0.00115892,0.0408333
"2019-04-22 00:00:00",0.00517799,0.00124121,0.0272953,0.00101202,0.105263,0.000163768,0.000351326,0.00715001,0.0000394574,0.061886
"2019-04-23 00:00:00",0.00330006,-0.0128099,-0.0112721,0.00884121,0,-0.00476308,-0.00353516,-0.000266785,0.00193357,0.074386
"2019-04-24 00:00:00",-0.00673887,-0.0163248,0.0700326,-0.00219176,0,-0.00316622,-0.00754026,0.0160125,0.00139335,0.0210526
"2019-04-25 00:00:00",0.00298845,0.000425532,0.00837138,-0.000368974,0,-0.00252084,-0.00786482,0.0107902,0.00177432,0.0210526
"2019-04-26 00:00:00",0.0169915,-0.0127605,-0.0392453,0.00468529,0.0952381,0.00434382,-0.00804571,0.0110364,0.00239556,0.0401003
"2019-04-29 00:00:00",-0.00395914,0.00732443,0.0298507,0.00107152,0.0434783,0.00251639,-0.00682906,0.0115475,0.00240746,0.0277433
"2019-04-30 00:00:00",0.00540584,-0.00727117,0.000762777,0.000951417,0,0.00293755,-0.00572131,0.0139544,0.000829499,0.0277433
"2019-05-01 00:00:00",-0.00909307,-0.00517019,0.128049,-0.00750216,-0.125,0.00246671,-0.00349038,0.0255577,-0.000232581,0.00274327
"2019-05-02 00:00:00",-0.00582509,0.0333478,-0.0256757,-0.00212399,-0.047619,0.000704001,0.00309406,0.0187483,-0.000583583,-0.00678054
"2019-05-03 00:00:00",-0.0190224,-0.00544845,-0.10749,0.00963828,0.05,-0.00649877,0.00455648,0.00509941,0.000407014,-0.0158282
"2019-05-06 00:00:00",0.00826379,-0.0139064,0.199689,-0.00447099,-0.047619,-0.00405419,0.000310303,0.0390671,-0.000701488,-0.0340476
"2019-05-07 00:00:00",-0.0515297,-0.0102564,0.251295,-0.0165117,-0.15,-0.0154413,-0.000286745,0.0891736,-0.0041941,-0.0640476
"2019-05-08 00:00:00",0.00778576,-0.00518135,0.00414079,-0.00160543,0.117647,-0.0120655,-0.000288977,0.064392,-0.00301475,-0.0155182
"2019-05-09 00:00:00",-0.000933865,-0.0130208,-0.0154639,-0.00302142,0,-0.0110873,-0.0095627,0.0664344,-0.00319424,-0.0059944
"2019-05-10 00:00:00",0.00730795,-0.00351803,-0.160209,0.0037203,0.105263,-0.0058212,-0.00917661,0.0558904,-0.00437784,0.00505823
"2019-05-13 00:00:00",0.0069175,-0.0282436,0.281172,-0.0241306,0.047619,-0.00609046,-0.012044,0.072187,-0.00830975,0.0241059
"2019-05-14 00:00:00",0.00494303,0.00454133,-0.121168,0.00801594,0,0.00520408,-0.0090845,-0.00230567,-0.00340423,0.0541059
"2019-05-15 00:00:00",0.00766986,-0.0162749,-0.089701,0.00583898,-0.0454545,0.0051809,-0.0113032,-0.021074,-0.00191535,0.0214855
"2019-05-16 00:00:00",0.00182014,0.0147059,-0.0699513,0.00889529,-0.047619,0.0057317,-0.00575786,-0.0319715,0.000467989,0.0119617
"2019-05-17 00:00:00",-0.01982,0,0.0438195,-0.00583733,-0.05,0.000306111,-0.00505425,0.00883427,-0.00144354,-0.0190909
"2019-05-20 00:00:00",-0.0289831,-0.00181159,0.0219298,-0.00674938,0.0526316,-0.006874,0.00023215,-0.0430142,0.0020327,-0.0180884
"2019-05-21 00:00:00",0.0166594,0.0204174,-0.0833844,0.00849584,-0.15,-0.00453072,0.00340737,-0.0354575,0.00212868,-0.0480884
"2019-05-22 00:00:00",-0.0149356,-0.0160071,-0.0133779,-0.0028244,-0.0588235,-0.0090518,0.00346092,-0.0201929,0.000396003,-0.0507622
"2019-05-23 00:00:00",-0.00615145,-0.0316313,0.147119,-0.0119141,0.1875,-0.0106461,-0.00580651,0.0232211,-0.00376588,-0.00373839
"2019-05-24 00:00:00",-0.0051434,-0.0130658,-0.0632388,0.00135356,-0.157895,-0.00771081,-0.00841967,0.00180947,-0.00232771,-0.0253173
"2019-05-28 00:00:00",-0.0134946,-0.0108747,0.104101,-0.00837568,-0.125,-0.00461311,-0.0102323,0.0182437,-0.00265297,-0.0608437
"2019-05-29 00:00:00",-0.00577367,-0.0286807,0.0228571,-0.00691191,0.142857,-0.00909973,-0.0200519,0.039492,-0.00573452,-0.00227222
"2019-05-30 00:00:00",0.00670062,0.0221457,-0.0335196,0.00209847,0,-0.0047725,-0.0124214,0.0354637,-0.00474994,0.00949248
"2019-05-31 00:00:00",-0.000266241,-0.0582571,0.0815029,-0.0131954,0.1875,-0.00359545,-0.0177465,0.0223405,-0.00500619,0.00949248
"2019-06-03 00:00:00",-0.00292943,-0.0337423,0.0080171,-0.00276524,0.315789,-0.00315266,-0.0218818,0.0365917,-0.00582995,0.104229
"2019-06-04 00:00:00",0.00373932,0.0047619,-0.100212,0.0214324,-0.04,0.000294119,-0.0187545,-0.0042709,0.000131663,0.121229
"2019-06-05 00:00:00",0.00150789,NULL,-0.0518562,0.00816185,0.208333,0.00175043,NULL,-0.0192136,0.00314642,0.134325
"2019-06-06 00:00:00",0.00867948,-0.0358083,-0.00994406,0.00613559,-0.172414,0.0021462,-0.02018,-0.0144985,0.00395384,0.0998418
"2019-06-07 00:00:00",0.00684871,-0.00709995,0.0232266,0.0104977,0,0.0035692,-0.0260292,-0.0261537,0.00869245,0.0623418
"2019-06-10 00:00:00",-0.002529,0.0445545,-0.0220859,0.00466004,0.0416667,0.00364928,-0.00546685,-0.0321743,0.0101775,0.00751724
"2019-06-11 00:00:00",-0.00498339,0.014218,0.00313676,-0.00034988,-0.12,0.00190474,0.00412522,-0.0115046,0.00582106,-0.00848276
"2019-06-12 00:00:00",0.00746859,-0.0358255,-0.00500313,-0.00203758,0.136364,0.00309688,-0.00399227,-0.00213394,0.00378117,-0.0228767
"2019-06-13 00:00:00",-0.0115995,-0.0102316,-0.00565682,0.00409738,0.08,-0.000958919,0.00112308,-0.00127649,0.00337353,0.0276061
"2019-06-14 00:00:00",0,-0.0152339,-0.034134,-0.00161151,-0.0740741,-0.00232866,-0.000503717,-0.0127486,0.000951691,0.0127912
"2019-06-17 00:00:00",0.0173829,0.00552486,0.00458115,0.000931749,-0.08,0.00165371,-0.00830964,-0.00741521,0.000206032,-0.0115421
"2019-06-18 00:00:00",0.00789245,-0.0131868,-0.0130293,0.0097174,-0.130435,0.00422888,-0.0137906,-0.0106484,0.00221949,-0.013629
"2019-06-19 00:00:00",-0.00240943,0.0356347,-0.0541254,0.00298516,0.45,0.00225328,0.000501457,-0.0204729,0.00322404,0.0490982
"2019-06-20 00:00:00",0.0284655,-0.102688,0.0293091,0.00947219,0,0.0102663,-0.0179899,-0.0134797,0.004299,0.0330982
"2019-06-21 00:00:00",-0.00645811,0.0563212,0.0440678,-0.00125922,0.0344828,0.00897465,-0.00367885,0.00216067,0.00436945,0.0548096
"2019-06-24 00:00:00",-0.0115651,-0.0436756,-0.00909091,-0.00173189,0,0.00318506,-0.0135189,-0.00057374,0.00383673,0.0708096
"2019-06-25 00:00:00",-0.00222051,-0.0183867,0.0668414,-0.0094964,-0.0333333,0.00116246,-0.0145589,0.0154004,-0.00000603167,0.0902299
"2019-06-26 00:00:00",0.00282462,0.0374622,-0.00429975,-0.00123393,-0.0344828,0.00220927,-0.0141934,0.0253655,-0.000849851,-0.00666667
"2019-06-27 00:00:00",0.00290201,0.00640652,-0.0240592,0.00382318,-0.0357143,-0.00290341,0.00762553,0.0146919,-0.00197965,-0.0138095
"2019-06-28 00:00:00",0.0052766,0.00462963,-0.0467762,0.00575745,-0.0740741,-0.000556474,-0.00271278,-0.00347694,-0.000576318,-0.0355209
"2019-07-01 00:00:00",0.0147308,0.0126728,-0.0676393,0.0076723,0,0.0047027,0.0085569,-0.0151866,0.00130452,-0.0355209
"2019-07-02 00:00:00",0.0190222,-0.00455063,-0.0803698,0.00292813,-0.16,0.00895124,0.0113241,-0.0446289,0.00378942,-0.0608542
"2019-07-03 00:00:00",-0.0108073,-0.0171429,-0.0278422,0.00767238,-0.0952381,0.00622486,0.000403096,-0.0493374,0.00557069,-0.0730053
"2019-07-05 00:00:00",0.0483364,NULL,0.0564837,-0.0018059,-0.105263,0.0153117,NULL,-0.0332288,0.00444487,-0.0869151
"2019-07-08 00:00:00",-0.0413706,NULL,0.0512048,-0.00483544,0,0.00598229,NULL,-0.0136326,0.00232629,-0.0721003
"2019-07-09 00:00:00",-0.00807116,0.0755814,0.00931232,0.00123656,-0.117647,0.00142191,0.0142381,0.00175775,0.00103914,-0.0956297
"2019-07-10 00:00:00",0.00182664,NULL,-0.0752307,0.00451069,0.666667,-0.0020172,NULL,0.00278559,0.00135566,0.0697037
"2019-07-11 00:00:00",0.0148351,-0.00594595,-0.0076746,0.00228523,0.12,0.00311126,0.012123,0.00681912,0.000278225,0.112751
"2019-07-12 00:00:00",0.00979992,0.000543774,-0.0417633,0.00462017,0,-0.00459603,0.00969715,-0.0128303,0.00156344,0.133804
"2019-07-15 00:00:00",0.0207845,-0.00978261,0.023406,0.000175869,-0.0714286,0.00783499,0.00865075,-0.0183901,0.0025657,0.119518
"2019-07-16 00:00:00",-0.00847726,0.0170143,0.0141956,-0.00340378,0,0.00775377,0.0154822,-0.0174134,0.00163764,0.143048
"2019-07-17 00:00:00",-0.00934878,-0.0172693,0.0863141,-0.00653124,-0.115385,0.00551868,-0.00308796,0.0148956,-0.00057075,-0.0133626
"2019-07-18 00:00:00",0.0116148,-0.0159253,-0.0314961,0.003582,0.173913,0.00487462,-0.00508383,0.0101313,-0.000311396,-0.00258003
"2019-07-19 00:00:00",0.000637857,-0.0106027,0.067997,-0.00617673,-0.0740741,0.00304221,-0.00731313,0.0320833,-0.00247078,-0.0173948
"2019-07-22 00:00:00",-0.00111554,-0.00225606,-0.0636678,0.00282869,0,-0.00133779,-0.00580782,0.0146686,-0.00194021,-0.00310913
"2019-07-23 00:00:00",-0.00566369,0.00734878,-0.067997,0.00684748,0,-0.000775075,-0.00774091,-0.00176995,0.000110039,-0.00310913
"2019-07-24 00:00:00",-0.0125953,0.000561167,-0.0428232,0.00468815,-0.12,-0.00142437,-0.00417482,-0.0275974,0.00235392,-0.00403221
"2019-07-25 00:00:00",-0.00974976,0.0179473,0.0555095,-0.0052624,0,-0.00569728,0.0025997,-0.0101963,0.000585038,-0.0388148
"2019-07-26 00:00:00",0.0114047,0.00716253,-0.0455259,0.00738769,0,-0.00354392,0.00615274,-0.0329009,0.00329792,-0.024
"2019-07-29 00:00:00",0.0148455,-0.0071116,0.0550987,-0.00161611,-0.0454545,-0.000351718,0.00518163,-0.00914758,0.00240896,-0.0330909
"2019-07-30 00:00:00",-0.0252598,0.00220386,0.086516,-0.00257865,0,-0.00427094,0.00415265,0.021755,0.000523734,-0.0330909
"2019-07-31 00:00:00",-0.00188617,-0.00989555,0.156384,-0.0108855,-0.380952,-0.00212912,0.00206131,0.0615966,-0.002591,-0.0852814
"2019-08-01 00:00:00",-0.0381234,-0.00999445,0.108561,-0.00899879,0.307692,-0.00780385,-0.00352704,0.0722068,-0.00333828,-0.0237429
"2019-08-02 00:00:00",0.00153754,-0.07235,-0.0145495,-0.00728274,-0.176471,-0.00977727,-0.0194295,0.0784021,-0.00627237,-0.059037
"2019-08-05 00:00:00",-0.0336887,NULL,0.396366,-0.0297778,0.142857,-0.0194841,NULL,0.146655,-0.0119047,-0.0213747
"2019-08-06 00:00:00",0.00794351,-0.0876663,-0.179748,0.013017,-0.1875,-0.0128434,-0.0355405,0.0934027,-0.00878557,-0.0588747
"2019-08-07 00:00:00",-0.00210158,NULL,-0.0337134,0.000766876,-0.0769231,-0.0128865,NULL,0.0553831,-0.00645509,0.00193116
"2019-08-08 00:00:00",0.0329063,0.00463883,-0.132376,0.0187623,-0.166667,0.00131941,-0.0350535,0.00719586,-0.000902873,-0.0929406
"2019-08-09 00:00:00",-0.0116388,-0.00395778,0.0626848,-0.00661661,0.1,-0.00131585,-0.0338659,0.0226427,-0.000769646,-0.0376465
"2019-08-12 00:00:00",-0.0102286,-0.0165563,0.173623,-0.0123173,-0.363636,0.00337616,-0.0351783,-0.0219059,0.00272245,-0.138945
"2019-08-13 00:00:00",0.0211029,0.0531987,-0.169275,0.0151317,-0.714286,0.00600804,-0.0100686,-0.0198112,0.00314539,-0.244302
"2019-08-14 00:00:00",-0.0348699,NULL,0.261416,-0.0292928,-0.5,-0.000545619,NULL,0.0392146,-0.00286654,-0.328918
"2019-08-15 00:00:00",-0.00845964,NULL,-0.041629,0.00246427,3,-0.0088188,NULL,0.0573639,-0.00612614,0.304416
"2019-08-16 00:00:00",0.0295059,-0.0741688,-0.127951,0.0144261,0.75,-0.000589876,-0.00736908,0.0192368,-0.0019176,0.434416
"2019-08-19 00:00:00",0.00552486,0.00759669,-0.0860855,0.0121059,0,0.00256082,-0.00677751,-0.0327049,0.00296704,0.507143
"2019-08-20 00:00:00",-0.0145948,-0.0233036,0.0367299,-0.00791473,-0.285714,-0.00457871,-0.0106467,0.008496,-0.00164224,0.592857
"2019-08-21 00:00:00",-0.0026137,0.0217544,-0.0971429,0.0082468,-0.4,0.00187252,-0.00298454,-0.0632157,0.00586567,0.612857
"2019-08-22 00:00:00",-0.000174703,NULL,0.0556962,-0.000506075,-0.666667,0.00352951,NULL,-0.0437506,0.0052716,-0.120476
"2019-08-23 00:00:00",-0.0160755,NULL,0.191247,-0.0259463,0,-0.00558676,NULL,0.0200889,-0.0028029,-0.270476
"2019-08-26 00:00:00",0.00399574,NULL,-0.0276799,0.010983,-1,-0.00589259,NULL,0.0317701,-0.00302747,-0.470476
"2019-08-27 00:00:00",-0.0115857,-0.0357143,0.0512422,-0.00320318,NULL,-0.00529078,-0.0207671,0.0346725,-0.00208516,NULL
"2019-08-28 00:00:00",0.0169112,-0.0163818,-0.0472674,0.00654548,-0.25,-0.00138579,-0.00920972,0.0446476,-0.00242542,NULL
"2019-08-29 00:00:00",0.0120546,0.0137581,-0.075969,0.0126873,0,0.00106006,-0.00797743,0.0183146,0.000213248,NULL
"2019-08-30 00:00:00",0.00304295,NULL,0.0615213,0.000642787,-1,0.00488375,NULL,-0.00763056,0.00553107,NULL
"2019-09-03 00:00:00",-0.00598076,NULL,0.0358272,-0.0068991,NULL,0.00288845,NULL,0.00507087,0.00195466,NULL
"2019-09-04 00:00:00",0.0114231,-0.0507143,-0.118515,0.0108421,NULL,0.00749021,-0.0134596,-0.0288805,0.00476371,NULL
"2019-09-05 00:00:00",0.0223295,0.0805117,-0.0611656,0.0130098,-0.5,0.00857387,-0.00170811,-0.0316602,0.00605657,NULL
"2019-09-06 00:00:00",0.00244561,-0.00905292,-0.0780578,0.000910605,0,0.00665208,0.00362417,-0.0320779,0.00370124,NULL
"2019-09-09 00:00:00",-0.000673004,0.0484891,0.018,-0.0000940102,1.5,0.00590889,0.0165983,-0.0407822,0.00355388,NULL
"2019-09-10 00:00:00",0.00185201,NULL,-0.00458415,0.000322304,0,0.00747544,NULL,-0.0488645,0.00499816,NULL
"2019-09-11 00:00:00",0.0078985,0.0482574,-0.0388158,0.00722968,0.4,0.00677052,0.0234982,-0.0329247,0.00427568,0.28
"2019-09-12 00:00:00",0,NULL,-0.026694,0.00287915,0,0.00230462,NULL,-0.0260304,0.00224955,0.38
"2019-09-13 00:00:00",-0.0129221,0.0875959,-0.0337553,-0.000724414,0.571429,-0.00076891,0.0511602,-0.0171699,0.00192254,0.494286
"2019-09-16 00:00:00",0.00641892,-0.00999412,0.0676856,-0.00313559,-0.0909091,0.000649474,0.0330591,-0.00723273,0.00131423,0.176104
"2019-09-17 00:00:00",-0.0102383,-0.0106888,-0.0156783,0.00258175,-0.1,-0.00176859,0.0327319,-0.00945156,0.00176612,0.156104
"2019-09-18 00:00:00",0.00127183,-0.0354142,-0.0339335,0.000342692,-0.666667,-0.00309393,0.0159512,-0.0084751,0.000388719,-0.0572294
"2019-09-19 00:00:00",0.00575832,0.0199129,0.00716846,0.0000199749,0.666667,-0.00194226,0.0102823,-0.0017026,-0.000183116,0.0761039
"2019-09-20 00:00:00",-0.0106929,-0.000610128,0.0903915,-0.00489558,0,-0.00149644,-0.00735887,0.0231267,-0.00101735,-0.0381818
"2019-09-23 00:00:00",0.0108936,-0.0592186,-0.0267624,-0.0000969359,-0.2,-0.0006015,-0.0172038,0.00423715,-0.000409619,-0.06
"2019-09-24 00:00:00",-0.00648257,NULL,0.143528,-0.00841637,0,0.000149652,NULL,0.0360784,-0.00260924,-0.04
"2019-09-25 00:00:00",-0.000254216,NULL,-0.0639296,0.00615857,0.25,-0.000155558,NULL,0.0300791,-0.00144607,0.143333
"2019-09-26 00:00:00",-0.00398373,NULL,0.00689223,-0.00242892,-0.2,-0.00210397,NULL,0.0300239,-0.00193585,-0.03
"2019-09-27 00:00:00",-0.00765892,0.0214147,0.0715619,-0.00531635,0.5,-0.00149716,-0.0107831,0.026258,-0.00202,0.07
"2019-09-30 00:00:00",0.00909013,-0.00698856,-0.0569106,0.00504761,-0.166667,-0.00185786,-0.00509794,0.0202284,-0.000991092,0.0766667
"2019-10-01 00:00:00",-0.0311039,NULL,0.142857,-0.0122584,0.8,-0.00678213,NULL,0.0200942,-0.00175949,0.236667
"2019-10-02 00:00:00",-0.0222787,NULL,0.107759,-0.0179032,0.333333,-0.011187,NULL,0.0544319,-0.00657185,0.253333
"2019-10-03 00:00:00",0.00870189,NULL,-0.0700389,0.00797191,0.25,-0.00864992,NULL,0.0390456,-0.00449168,0.343333
"2019-10-04 00:00:00",0.0186766,-0.133077,-0.108787,0.0142169,-0.2,-0.00338281,-0.035696,0.00297593,-0.000585032,0.203333
"2019-10-07 00:00:00",0.036843,0.0228782,0.0481221,-0.00447829,-0.166667,0.00216777,-0.0309983,0.0239825,-0.00249021,0.203333
"2019-10-08 00:00:00",-0.00286292,-0.00505051,0.135498,-0.0155608,0.2,0.00781598,-0.0201647,0.0225107,-0.0031507,0.0833333
"2019-10-09 00:00:00",0.0129201,NULL,-0.0808678,0.00910449,0,0.0148557,NULL,-0.0152146,0.00225084,0.0166667
"2019-10-10 00:00:00",0.00750313,0.0804931,-0.0574034,0.0064157,0.166667,0.014616,-0.00834903,-0.0126875,0.00193959,0
"2019-10-11 00:00:00",0.0128258,0.0691275,-0.113261,0.010939,-0.0714286,0.0134458,0.00687419,-0.0135824,0.00128401,0.0257143
"2019-10-14 00:00:00",0.0200163,NULL,-0.0648267,-0.00138712,NULL,0.0100805,NULL,-0.0361722,0.00190225,NULL
"2019-10-15 00:00:00",0.0185823,0.00690521,-0.0706932,0.00995568,0.230769,0.0143695,0.0348707,-0.0774105,0.00700554,0.105201
"2019-10-16 00:00:00",-0.0128961,-0.00997506,0.0103397,-0.00199954,0.0625,0.00920629,0.0283001,-0.059169,0.00478474,0.0777015
"2019-10-17 00:00:00",0.0197562,-0.00314861,0.00804094,0.00276283,-0.0588235,0.0116569,0.0286804,-0.0460801,0.00405416,0.0659368
"2019-10-18 00:00:00",-0.013827,-0.0101074,0.0333575,-0.00391934,0.125,0.00632634,0.0105603,-0.0167563,0.0010825,0.0576034
"2019-10-21 00:00:00",0.0174271,0.0102106,-0.0175439,0.00687162,0,0.0058085,-0.00122305,-0.00729978,0.00273425,0.0718891
"2019-10-22 00:00:00",-0.0206322,0.00252685,0.0328571,-0.00356867,0,-0.0020344,-0.00209873,0.0134103,0.0000293787,0.0257353
"2019-10-23 00:00:00",0.016933,-0.0126024,-0.0311203,0.00284715,0.0555556,0.00393142,-0.00262419,0.00511828,0.000998717,0.0243464
"2019-10-24 00:00:00",-0.0211069,-0.0121251,-0.0214133,0.00192045,0,-0.00424122,-0.00441948,-0.000772564,0.00083024,0.0361111
"2019-10-25 00:00:00",0.00383325,0.0219638,-0.0773158,0.0040727,-0.105263,-0.000709157,0.00199476,-0.0229072,0.00242865,-0.00994152
"2019-10-28 00:00:00",-0.0035004,0.0429836,0.0363636,0.00558134,0.235294,-0.00489466,0.00854935,-0.0121257,0.00217059,0.0371173
"2019-10-29 00:00:00",0.0162063,NULL,0.00686499,-0.000832405,-0.047619,0.00247304,NULL,-0.0173242,0.00271785,0.0275935
"2019-10-30 00:00:00",0.0184618,-0.0212121,-0.0659091,0.00325337,-0.15,0.0027788,0.00380156,-0.0242819,0.00279909,-0.0135176
"2019-10-31 00:00:00",0.00825363,NULL,0.0721817,-0.00302286,0,0.00865091,NULL,-0.00556292,0.00181043,-0.0135176
"2019-11-01 00:00:00",-0.0293015,NULL,-0.0695915,0.00966231,0,0.00202396,NULL,-0.00401806,0.00292835,0.00753501
"2019-11-04 00:00:00",0.022541,-0.0111455,0.0430894,0.00370409,0.117647,0.00723223,0.00409294,-0.00267291,0.0025529,-0.0159944
"2019-11-05 00:00:00",-0.0228149,0.0338134,0.0210444,-0.0011857,0.210526,-0.000571996,0.0132806,0.000162982,0.00248224,0.0356347
"2019-11-06 00:00:00",-0.0124625,-0.0169594,-0.0366412,0.000702497,-0.130435,-0.00675686,0.00549598,0.00601656,0.00197207,0.0395477
"2019-11-07 00:00:00",-0.00415335,NULL,0.00871632,0.0027301,0.2,-0.00923825,NULL,-0.00667651,0.00312266,0.0795477
"2019-11-08 00:00:00",-0.0110683,0.0369686,-0.051846,0.00256068,0.0833333,-0.00559162,0.00429299,-0.00312741,0.00170233,0.0962144
"2019-11-11 00:00:00",0.00446066,NULL,0.051367,-0.00196247,NULL,-0.00920768,NULL,-0.0014719,0.00056902,NULL
"2019-11-12 00:00:00",-0.00540977,0.00475342,-0.000788022,0.00156465,0,-0.00572667,0.00948609,-0.00583839,0.00111909,0.072685
"2019-11-13 00:00:00",0.011609,-0.0295683,0.0252366,0.000711535,-0.0384615,-0.000912353,0.00580153,0.00653718,0.0011209,0.0228874
"2019-11-14 00:00:00",0.0134018,-0.0298598,0.00384615,0.000837043,-0.04,0.00259868,-0.00693311,0.00556314,0.000742286,0.0409744
"2019-11-15 00:00:00",-0.0105322,0.00376884,-0.0766283,0.00769549,-0.0416667,0.00270592,-0.00278746,0.00060668,0.00176925,-0.00735897
"2019-11-18 00:00:00",0.0131253,-0.0206508,0.0340249,0.000503153,-0.0869565,0.00443883,-0.0143113,-0.00286175,0.00226237,-0.0414169
"2019-11-19 00:00:00",0.00687258,NULL,0.0321027,-0.000592594,-0.0952381,0.0068953,NULL,0.0037164,0.00183092,-0.0604646
"2019-11-20 00:00:00",-0.014279,-0.0268371,-0.00622084,-0.00375618,-0.105263,0.0017177,-0.0206294,-0.00257508,0.000937381,-0.0738249
"2019-11-21 00:00:00",-0.00612862,0.00722259,0.0273865,-0.00158275,0,-0.00218839,-0.0132713,0.00213299,0.000453422,-0.0658249
"2019-11-22 00:00:00",0.0052855,0.00912647,-0.0601676,0.00217494,-0.0588235,0.000975143,-0.005474,0.00542515,-0.000650688,-0.0692563
"2019-11-25 00:00:00",0.0248546,0.0109819,-0.0380875,0.00750729,-0.0625,0.00332102,-0.00403138,-0.00899733,0.000750139,-0.064365
"2019-11-26 00:00:00",0.01267,-0.0159744,-0.0278012,0.00219557,0.0666667,0.00448051,-0.00309611,-0.0209781,0.00130777,-0.031984
"2019-11-27 00:00:00",0.00069082,0.0233766,0.0181976,0.00417442,-0.125,0.00747447,0.00694663,-0.0160944,0.00289389,-0.0359314
"2019-11-29 00:00:00",-0.00414206,NULL,0.0740426,-0.00401122,0.214286,0.00787178,NULL,-0.00676323,0.0024082,0.00692577
"2019-12-02 00:00:00",-0.0268043,NULL,0.181458,-0.00863102,0.294118,0.00145383,NULL,0.0415619,0.000247009,0.077514
"2019-12-03 00:00:00",-0.0282548,-0.053934,0.0704225,-0.0066381,-0.136364,-0.00916807,-0.00528469,0.0632639,-0.00258207,0.0627413
"2019-12-04 00:00:00",0.00431666,0.0435949,-0.0726817,0.00632357,0,-0.0108387,0.001609,0.0542878,-0.00175647,0.0494079
"2019-12-05 00:00:00",0.00267618,0.0199229,-0.0189189,0.00150025,0.157895,-0.0104417,0.00339719,0.0468645,-0.0022913,0.105987
"2019-12-06 00:00:00",0.0634099,0.0138626,-0.0619835,0.00913572,0.0454545,0.00306872,0.00936461,0.0196593,0.000338085,0.0722207
"2019-12-09 00:00:00",0.0386371,0.00186451,0.164464,-0.00316282,-0.130435,0.016157,0.00506218,0.0162605,0.00143173,-0.0126898
"2019-12-10 00:00:00",-0.0114236,0.0155087,-0.0113493,-0.00109693,0,0.0195232,0.0189507,-0.0000938754,0.00253996,0.0145829
"2019-12-11 00:00:00",-0.00466667,-0.00427611,-0.0440051,0.00290816,-0.1,0.0177266,0.00937652,0.00564145,0.00185688,-0.0054171
"2019-12-12 00:00:00",-0.0125772,0.0184049,-0.0700467,0.00857523,0.333333,0.0146759,0.00907292,-0.00458411,0.00327187,0.0296706
"2019-12-13 00:00:00",0.0891619,-0.026506,-0.0939742,0.0000725819,-0.125,0.0198263,0.000999193,-0.0109823,0.00145924,-0.00442029
"2019-12-16 00:00:00",-0.00456716,0.0309406,-0.0387965,0.00714779,0.142857,0.0111855,0.00681441,-0.0516344,0.00352136,0.0502381
"2019-12-17 00:00:00",-0.0442822,NULL,0.0123558,0.000335292,0.0833333,0.00461372,NULL,-0.0468933,0.00380781,0.0669048
"2019-12-18 00:00:00",0.0514984,NULL,0.0235964,-0.0004323,0.115385,0.0158467,NULL,-0.033373,0.00313972,0.109982
"2019-12-19 00:00:00",0.0385999,NULL,-0.0063593,0.00445929,0.0344828,0.0260822,NULL,-0.0206355,0.00231653,0.0502116
"2019-12-20 00:00:00",-0.0197815,NULL,0.0008,0.00494478,-0.0333333,0.00429347,NULL,-0.00168071,0.00329097,0.0685449
"2019-12-23 00:00:00",-0.0221513,NULL,0.0079936,0.000866144,0,0.000776652,NULL,0.00767731,0.00203464,0.0399735
"2019-12-24 00:00:00",-0.000277952,NULL,0.00475813,-0.000195448,-0.0344828,0.00957751,NULL,0.00615777,0.00192849,0.0164103
"2019-12-26 00:00:00",-0.00556058,NULL,-0.00157853,0.00512817,-0.0714286,-0.00183429,NULL,0.00112278,0.00304059,-0.0209524
"2019-12-27 00:00:00",-0.019431,NULL,0.0616601,0.0000339849,0.115385,-0.0134405,NULL,0.0147267,0.00215553,-0.00477201
"2019-12-30 00:00:00",-0.0479721,NULL,0.1035,-0.00578082,0.103448,-0.0190786,NULL,0.0352666,0.0000104048,0.0225843
"2019-12-31 00:00:00",0.0446241,NULL,-0.0701754,0.00294602,0.0625,-0.0057235,NULL,0.0196328,0.00042638,0.0350843
"2020-01-02 00:00:00",-0.0130447,NULL,-0.0950653,0.0083788,-0.117647,-0.00827685,NULL,-0.000331915,0.00214123,0.0184515
"2020-01-03 00:00:00",-0.0307916,NULL,0.124298,-0.00705987,-0.1,-0.0133231,NULL,0.0248435,-0.000296377,0.0127372
"2020-01-06 00:00:00",-0.00711824,-0.0510204,-0.0121255,0.00353337,0,-0.0108605,-0.00649141,0.0100863,0.000403501,-0.0103398
"2020-01-07 00:00:00",-0.0206022,0.000632511,-0.00433213,-0.00280324,0.0740741,-0.00538652,-0.00550968,-0.01148,0.000999018,-0.0162146
"2020-01-08 00:00:00",0.0511635,NULL,-0.0246555,0.00490245,0,-0.00407865,NULL,-0.00237604,0.0013903,-0.0287146
"2020-01-09 00:00:00",-0.0216244,0.0417193,-0.067658,0.00665526,-0.0689655,-0.00579458,-0.000846797,0.00310542,0.0010456,-0.0189783
"2020-01-10 00:00:00",-0.0398591,NULL,0.0015949,-0.00285518,0,-0.0076081,NULL,-0.0214353,0.00188653,0.00102171
"2020-01-13 00:00:00",0.0243465,NULL,-0.0191083,0.00697622,0,-0.00131516,NULL,-0.0228318,0.0025751,0.00102171
"2020-01-14 00:00:00",-0.00342805,NULL,0.00568182,-0.00151453,-0.111111,0.00211968,NULL,-0.020829,0.00283284,-0.0360153
"2020-01-15 00:00:00",0.0360037,NULL,0.00242131,0.0018702,-0.0416667,-0.00091229,NULL,-0.0154137,0.00222639,-0.0443487
"2020-01-16 00:00:00",0,NULL,-0.00805153,0.00836655,0,0.00341259,NULL,-0.00349236,0.00256865,-0.0305556
"2020-01-17 00:00:00",-0.00671438,NULL,-0.0178571,0.00386216,0.130435,0.0100415,NULL,-0.00738277,0.00391212,-0.0044686
"2020-01-21 00:00:00",-0.0142624,NULL,0.0619835,-0.00265198,-0.0384615,0.00231977,NULL,0.00883558,0.00198648,-0.0121609
"2020-01-22 00:00:00",-0.0208742,NULL,0.00466926,0.000289076,-0.04,-0.00116945,NULL,0.00863307,0.0023472,0.00206132
"2020-01-23 00:00:00",0.0140845,NULL,0.00542215,0.00114098,-0.0416667,-0.00555328,NULL,0.00923324,0.00220136,0.00206132
"2020-01-24 00:00:00",-0.0359745,NULL,0.121726,-0.00904216,-0.0869565,-0.0127482,NULL,0.0351887,-0.00128038,-0.01533
"2020-01-27 00:00:00",0.00149583,NULL,0.25206,-0.0157307,-0.190476,-0.0111061,NULL,0.0891722,-0.00519896,-0.0795122
"2020-01-28 00:00:00",-0.0125776,NULL,-0.106967,0.0100536,0.176471,-0.0107692,NULL,0.0553822,-0.00265785,-0.0365258
"2020-01-29 00:00:00",-0.00366213,NULL,0.00675676,-0.000866874,-0.1,-0.00732678,NULL,0.0557997,-0.00288904,-0.0485258
"2020-01-30 00:00:00",0.038354,NULL,-0.0549115,0.00313436,-0.111111,-0.00247289,NULL,0.043733,-0.00249036,-0.0624146
"2020-01-31 00:00:00",0.0444786,NULL,0.216269,-0.0177058,0.125,0.0136177,NULL,0.0626415,-0.00422309,-0.0200233
"2020-02-03 00:00:00",-0.0591616,NULL,-0.0461783,0.00725461,0,0.00148626,NULL,0.00299378,0.000373973,0.0180719
"2020-02-04 00:00:00",0.00743931,-0.132282,-0.106845,0.0149804,0.111111,0.00548965,-0.0220019,0.00301814,0.00135934,0.005
"2020-02-05 00:00:00",0.00878352,NULL,-0.0560748,0.0112506,0.1,0.00797878,NULL,-0.00954816,0.00378283,0.045
"2020-02-06 00:00:00",0.0362151,0.0300699,-0.0125413,0.00332567,-0.0454545,0.00755101,-0.022176,-0.00107411,0.0038211,0.0581313
"2020-02-07 00:00:00",-0.0168798,-0.0325866,0.0340909,-0.00540085,-0.142857,-0.00472069,-0.0184893,-0.0375096,0.00628209,0.00455988
"2020-02-10 00:00:00",0.00816882,NULL,-0.0277957,0.0073264,0.0555556,0.00874539,NULL,-0.0338331,0.00629645,0.015671
"2020-02-11 00:00:00",-0.00255083,NULL,0.00930851,0.00168847,-0.0526316,0.00674736,NULL,-0.0106025,0.00363806,-0.0170775
"2020-02-12 00:00:00",0.00188041,0.0112281,-0.0948617,0.00646265,0,0.00536674,-0.0163702,-0.0183598,0.00268047,-0.0370775
"2020-02-13 00:00:00",-0.0012012,-0.00763359,0.0298399,-0.00163045,-0.0555556,-0.00211653,-0.0262407,-0.00988362,0.00168924,-0.0390977
"2020-02-14 00:00:00",-0.00278112,NULL,-0.0332155,0.00184353,0,0.000703216,NULL,-0.0233449,0.00313812,-0.0105263
"2020-02-18 00:00:00",0.0376121,-0.0363636,0.0840643,-0.00291994,-0.176471,0.00659188,-0.00705716,-0.000972897,0.00108885,-0.0569315
"2020-02-19 00:00:00",0.0301467,0.0166909,-0.0303439,0.00470579,0,0.0131314,-0.00973297,-0.00890338,0.00169232,-0.0464052
"2020-02-20 00:00:00",-0.0330724,-0.0178444,0.0820584,-0.00381552,-0.0714286,0.00614082,-0.00678454,0.0264806,-0.000363318,-0.0606909
"2020-02-21 00:00:00",-0.0144399,-0.0574128,0.0976864,-0.0105181,-0.0769231,0.00349308,-0.0205127,0.0400499,-0.00214085,-0.0649645
"2020-02-24 00:00:00",-0.0344828,NULL,0.465457,-0.0335136,0,-0.00284725,NULL,0.139784,-0.00921228,-0.0649645
"2020-02-25 00:00:00",0.00237584,NULL,0.112665,-0.03028,0.0833333,-0.0098945,NULL,0.145504,-0.0146843,-0.0130037
"2020-02-26 00:00:00",-0.00107042,NULL,-0.0104129,-0.00377854,0.307692,-0.0161379,NULL,0.149491,-0.0163812,0.0485348
"2020-02-27 00:00:00",0,-0.16808,0.4209,-0.0441632,0.117647,-0.00952345,-0.052602,0.217259,-0.0244507,0.0863499
"2020-02-28 00:00:00",0.00130119,NULL,0.0242594,-0.00823834,0.421053,-0.00637523,NULL,0.202574,-0.0239947,0.185945
"2020-03-02 00:00:00",-0.0304235,NULL,-0.166791,0.0460392,-0.037037,-0.00556337,NULL,0.076124,-0.00808418,0.178538
"2020-03-03 00:00:00",-0.0298013,NULL,0.101735,-0.0281079,0.192308,-0.0119988,NULL,0.0739381,-0.00764976,0.200333
"2020-03-04 00:00:00",0.0351048,NULL,-0.131179,0.0422026,0.129032,-0.00476376,NULL,0.049785,0.00154647,0.164601
"2020-03-05 00:00:00",-0.0295965,NULL,0.238512,-0.0339221,-0.0571429,-0.0106831,NULL,0.0133074,0.0035947,0.129643
"2020-03-06 00:00:00",0.0199822,NULL,0.0585563,-0.0170539,-0.242424,-0.00694685,NULL,0.0201668,0.0018316,-0.00305284
"2020-03-09 00:00:00",-0.0357709,NULL,0.298522,-0.0759697,-0.36,-0.00801634,NULL,0.113229,-0.0225702,-0.0676454
"2020-03-10 00:00:00",-0.00156289,NULL,-0.131473,0.0493963,0.625,-0.00236866,NULL,0.0665877,-0.00706935,0.018893
"2020-03-11 00:00:00",0.00280112,NULL,0.139535,-0.0488684,0.230769,-0.0088294,NULL,0.12073,-0.0252836,0.0392404
"2020-03-12 00:00:00",-0.0487184,NULL,0.400186,-0.0951127,0.1875,-0.0126538,NULL,0.153065,-0.0375217,0.088169
"2020-03-13 00:00:00",0,NULL,-0.233735,0.0928712,0.184211,-0.0166502,NULL,0.0946068,-0.0155367,0.173496
"2020-03-16 00:00:00",-0.00975905,NULL,0.429881,-0.119841,-0.177778,-0.0114478,NULL,0.120879,-0.0243108,0.20994
"2020-03-17 00:00:00",0.0175301,NULL,-0.081993,0.0599548,0.486486,-0.00762924,NULL,0.130775,-0.0221991,0.182238
"2020-03-18 00:00:00",-0.0268278,NULL,0.00711369,-0.0518308,0.163636,-0.013555,NULL,0.10429,-0.0227916,0.168811
"2020-03-19 00:00:00",0.0167342,NULL,-0.058208,0.00470781,0.0625,-0.000464514,NULL,0.0126116,-0.00282748,0.143811
"2020-03-20 00:00:00",0.0232155,NULL,-0.0827778,-0.0433595,-0.191176,0.00417859,NULL,0.0428031,-0.0300736,0.0687337
"2020-03-23 00:00:00",-0.00905858,NULL,-0.0673834,-0.0292939,-0.127273,0.00431868,NULL,-0.0566497,-0.0119643,0.0788347
"2020-03-24 00:00:00",0.00598035,NULL,0.00129891,0.0938277,-0.0416667,0.00200873,NULL,-0.0399913,-0.00518972,-0.0267959
"2020-03-25 00:00:00",-0.00976645,NULL,0.036971,0.011535,0.173913,0.00542101,NULL,-0.0340199,0.00748344,-0.0247406
"2020-03-26 00:00:00",0.0203259,NULL,-0.0461298,0.0624142,-0.0185185,0.00613935,NULL,-0.0316042,0.0190247,-0.0409443
"2020-03-27 00:00:00",-0.0131125,NULL,0.0744262,-0.0336874,-0.113208,-0.00112627,NULL,-0.000163415,0.0209591,-0.0253505
"2020-03-30 00:00:00",0.0406269,NULL,-0.129081,0.033516,0,0.00881082,NULL,-0.012503,0.0335211,0.000104062
"2020-03-31 00:00:00",0.0270912,NULL,-0.0620182,-0.0160127,0,0.013033,NULL,-0.0251665,0.011553,0.0084374
"2020-04-01 00:00:00",-0.0797673,NULL,0.0657452,-0.0441424,-0.170213,-0.000967184,NULL,-0.0194116,0.000417534,-0.0603878
"2020-04-02 00:00:00",0.0255455,NULL,-0.107781,0.0228293,0.025641,0.0000767455,NULL,-0.0317419,-0.00749943,-0.0515559
"2020-04-03 00:00:00",0.0180697,NULL,-0.0807307,-0.0151371,-0.025,0.0063132,NULL,-0.0627733,-0.00378938,-0.0339143
"2020-04-06 00:00:00",0.00364933,NULL,-0.0333333,0.0703313,0.025641,-0.0010823,NULL,-0.0436237,0.00357368,-0.0287861
"2020-04-07 00:00:00",-0.0209074,NULL,0.0322723,-0.00160305,0.175,-0.010682,NULL,-0.0247656,0.00645561,0.00621386
"2020-04-08 00:00:00",0.006921,NULL,-0.0717345,0.0340565,0.0638298,0.00665565,NULL,-0.0522615,0.0220954,0.0530224
"2020-04-09 00:00:00",0.0129925,NULL,-0.0387543,0.0144874,0,0.00414503,NULL,-0.0384561,0.020427,0.0478942
"2020-04-13 00:00:00",-0.0103434,NULL,-0.011999,-0.0101047,0.02,-0.0015376,NULL,-0.0247098,0.0214335,0.0568942
"2020-04-14 00:00:00",0.0228261,NULL,-0.0828273,0.0305726,0.0392157,0.00229776,NULL,-0.0346086,0.0134817,0.0596091
"2020-04-15 00:00:00",0.000735715,NULL,0.0815678,-0.0220304,-0.188679,0.00662637,NULL,-0.0247495,0.00939627,-0.0131268
"2020-04-16 00:00:00",-0.000735174,NULL,-0.0178746,0.00581669,-0.0465116,0.00509514,NULL,-0.0139775,0.00374832,-0.035195
"2020-04-17 00:00:00",0.0335159,NULL,-0.0488656,0.0267936,0.097561,0.00919983,NULL,-0.0159998,0.00620956,-0.0156828
"2020-04-20 00:00:00",-0.00862137,NULL,0.148886,-0.017881,-0.0444444,0.00954423,NULL,0.0161772,0.00465428,-0.0285717
"2020-04-21 00:00:00",-0.0130046,NULL,0.0360484,-0.0306748,-0.116279,0.00237809,NULL,0.0399524,-0.0075952,-0.0596707
"2020-04-22 00:00:00",0.0200469,NULL,-0.075534,0.0229302,0.0789474,0.00624032,NULL,0.00853201,0.00139694,-0.00614536
"2020-04-23 00:00:00",-0.00768682,NULL,-0.0142925,-0.000539422,-0.0487805,0.00484999,NULL,0.00924844,0.000125715,-0.00659913
"2020-04-24 00:00:00",0.0103019,NULL,-0.131706,0.0139181,-0.025641,0.000207186,NULL,-0.00731967,-0.00244939,-0.0312395
"2020-04-27 00:00:00",0.0219745,NULL,-0.0734762,0.0147141,0.131579,0.00632637,NULL,-0.0517921,0.00406963,0.00396515
"2020-04-28 00:00:00",-0.000464073,NULL,0.00841093,-0.00524238,-0.0232558,0.00883448,NULL,-0.0573196,0.00915611,0.0225698
"2020-04-29 00:00:00",0.0260775,NULL,-0.0697051,0.0265839,0.0238095,0.0100406,NULL,-0.0561538,0.00988685,0.0115422
"2020-04-30 00:00:00",-0.0167421,NULL,0.0934998,-0.00921245,0.0232558,0.00822956,NULL,-0.0345953,0.00815224,0.0259495
"2020-05-01 00:00:00",0,NULL,0.089019,-0.028059,0,0.00616919,NULL,0.0095497,-0.000243175,0.0310777
"2020-05-04 00:00:00",0.0069796,NULL,-0.0328045,0.00424983,0.0227273,0.0031702,NULL,0.017684,-0.00233602,0.00930736
"2020-05-05 00:00:00",-0.0230787,NULL,-0.0656102,0.00904056,0.0444444,-0.00135273,NULL,0.00287981,0.000520564,0.0228474
"2020-05-06 00:00:00",0.0025729,NULL,0.0151741,-0.00697941,0.170213,-0.00605365,NULL,0.0198556,-0.0061921,0.0521281
"2020-05-07 00:00:00",0.0161754,NULL,-0.0785463,0.0115046,-0.0909091,0.000529851,NULL,-0.0145536,-0.00204869,0.0292951
"2020-05-08 00:00:00",0.0117854,NULL,-0.110051,0.0168715,0.06,0.00288693,NULL,-0.0543676,0.00693743,0.0412951
"2020-05-11 00:00:00",-0.0235232,NULL,-0.0146533,0.000133078,0.0566038,-0.00321362,NULL,-0.0507373,0.00611408,0.0480704
"2020-05-12 00:00:00",-0.0242448,NULL,0.198404,-0.0205003,-0.0714286,-0.00344684,NULL,0.00206552,0.000205904,0.0248958
"2020-05-13 00:00:00",-0.0201635,NULL,0.0677966,-0.0174627,-0.0769231,-0.00799413,NULL,0.01259,-0.00189076,-0.0245314
"2020-05-14 00:00:00",0.00745362,NULL,-0.0756803,0.0115248,-0.0208333,-0.00973849,NULL,0.0131632,-0.00188672,-0.0105162
"2020-05-15 00:00:00",0.000965018,NULL,-0.0220791,0.00392636,0.0212766,-0.0119026,NULL,0.0307576,-0.00447576,-0.0182609
"2020-05-18 00:00:00",0.0382421,-0.738647,-0.0812167,0.0315012,0.145833,0.000450496,-0.193059,0.0174449,0.00179787,-0.000415011
"2020-05-19 00:00:00",-0.0135417,-0.0106383,0.0419795,-0.0104844,-0.0363636,0.0025911,-0.198525,-0.01384,0.00380105,0.00659798
"2020-05-20 00:00:00",-0.0120019,NULL,-0.0831969,0.0166511,-0.0188679,0.00422343,NULL,-0.0440387,0.0106238,0.018209
"2020-05-21 00:00:00",-0.0112743,-0.0501792,0.0550197,-0.0077736,-0.0192308,0.000477844,-0.204991,-0.0178987,0.00676413,0.0185295
"2020-05-22 00:00:00",0.0100377,-0.00754717,-0.0463935,0.00235371,-0.0392157,0.00229239,-0.195018,-0.0227616,0.0064496,0.00643106
"2020-05-26 00:00:00",0.0264748,0.0760456,-0.0053267,0.0122892,0.0408163,-0.0000610812,-0.146193,-0.00758358,0.0026072,-0.0145723
"2020-05-27 00:00:00",0.00658353,-0.0459364,-0.0139236,0.0148273,-0.0392157,0.00396397,-0.00765109,-0.0187642,0.00766954,-0.0151427
"2020-05-28 00:00:00",0,0.037037,0.0351195,-0.00210791,0.0816327,0.00636435,0.00188398,0.00489907,0.00391774,0.00495737
"2020-05-29 00:00:00",0.0135426,-0.0642857,-0.0377754,0.00481234,-0.0754717,0.0113277,-0.000937323,-0.01366,0.00643492,-0.00629082
"2020-06-01 00:00:00",0.00280899,0.0114504,0.0261723,0.00375123,0.0612245,0.00988199,0.00286219,0.000853206,0.00671443,0.0137972
"2020-06-02 00:00:00",0.00393671,-0.045283,-0.0492384,0.00821083,-0.0192308,0.00537437,-0.0214035,-0.00792913,0.00589876,0.0017878
"2020-06-03 00:00:00",-0.00837041,0.166008,-0.0439642,0.013649,0.137255,0.00238358,0.0209853,-0.0139373,0.00566309,0.0370819
"2020-06-04 00:00:00",-0.00555133,0.0305085,0.00584567,-0.0033687,0.0862069,0.00127332,0.0196796,-0.019792,0.00541094,0.0379968
"2020-06-05 00:00:00",-0.00688231,0.138158,-0.0499806,0.0262117,0.0952381,-0.00281167,0.0601683,-0.0222331,0.0096908,0.0721387
"2020-06-08 00:00:00",-0.00585201,-0.0606936,0.0526101,0.0120416,-0.0434783,-0.00454387,0.0457395,-0.0169455,0.0113489,0.0511982
"2020-06-09 00:00:00",-0.0323755,-0.00923077,0.0681906,-0.00779917,-0.030303,-0.0118063,0.05295,0.00654031,0.00814687,0.0489837
"2020-06-10 00:00:00",0.0224926,-0.0838509,0,-0.00531309,-0.09375,-0.00563371,0.00297821,0.0153332,0.00435445,0.00278274
"2020-06-11 00:00:00",0.0277908,-0.115254,0.479507,-0.0589441,-0.189655,0.00103472,-0.0261743,0.110065,-0.00676062,-0.0523897
"2020-06-12 00:00:00",0.0171376,0.0383142,-0.115224,0.0130608,0.106383,0.00583871,-0.0461431,0.0970166,-0.00939078,-0.0501607
"2020-06-15 00:00:00",0.028381,-0.00738007,-0.0468274,0.00831222,0,0.0126853,-0.0354804,0.0771291,-0.0101367,-0.041465
"2020-06-16 00:00:00",-0.0253404,0.0185874,-0.0212209,0.0189624,0.0384615,0.0140923,-0.0299167,0.0592468,-0.00478434,-0.0277121
"2020-06-17 00:00:00",0.0122525,-0.0218978,-0.00594001,-0.0036003,0.0185185,0.0120443,-0.0175261,0.0580588,-0.00444178,-0.00525843
"2020-06-18 00:00:00",-0.00435456,-0.0186567,-0.0158351,0.00059422,-0.0545455,0.00561524,0.00179339,-0.0410095,0.00746588,0.0217635
"2020-06-19 00:00:00",-0.0705708,0.00380228,0.0661809,-0.00564949,-0.0192308,-0.0119264,-0.00510899,-0.00472849,0.00372381,-0.00335923
"2020-06-22 00:00:00",0.0810337,-0.0416667,-0.0953872,0.0064951,0.0196078,-0.00139592,-0.0119663,-0.0144405,0.00336038,0.000562335
"2020-06-23 00:00:00",-0.00250848,0.0316206,-0.0125905,0.00430742,0.0384615,0.00317047,-0.00935967,-0.0127144,0.000429388,0.000562335
"2020-06-24 00:00:00",-0.00850592,0.0153257,0.0787376,-0.0258551,-0.0740741,-0.00098122,-0.00191498,0.00422115,-0.00402158,-0.0179562
"2020-06-25 00:00:00",-0.0158896,-0.0188679,-0.0478723,0.0109594,0.02,-0.00328823,-0.00195722,-0.0021863,-0.00194854,-0.00304709
"2020-06-26 00:00:00",0.042071,-0.05,0.0779019,-0.0242269,-0.0784314,0.0192401,-0.0127177,0.000157899,-0.00566402,-0.0148872
"2020-06-29 00:00:00",-0.0125118,-0.0566802,-0.084941,0.0146857,0.0212766,0.000531027,-0.0157204,0.00224715,-0.0040259,-0.0145535
"2020-06-30 00:00:00",0.0922284,-0.0429185,-0.0424795,0.0154099,0.0416667,0.0194784,-0.0306282,-0.00373066,-0.00180541,-0.0139124
"2020-07-01 00:00:00",-0.0393202,0.0627803,-0.0594808,0.00502213,0.04,0.0133155,-0.0211373,-0.0313743,0.00437005,0.00890238
"2020-07-02 00:00:00",0.0273799,-0.00843882,-0.0328442,0.00454125,0,0.0219695,-0.0190514,-0.0283687,0.00308641,0.00490238
"2020-07-06 00:00:00",-0.036627,0.00851064,0.00939306,0.0158817,0.0192308,0.00622986,-0.00734931,-0.0420705,0.0111081,0.0244348
"2020-07-07 00:00:00",-0.0187261,-0.0464135,0.0533286,-0.0108185,-0.0754717,0.00498701,-0.00529597,-0.0144166,0.00600729,0.00508515
"2020-07-08 00:00:00",0.0442388,0.0132743,-0.0458716,0.00782746,0.0408163,-0.00461089,0.00594258,-0.015095,0.00449081,0.00491508
"2020-07-09 00:00:00",-0.0389035,-0.0611354,0.0420228,-0.00564361,-0.0980392,-0.00452756,-0.0188405,0.00520574,0.00235766,-0.0226928
"2020-07-10 00:00:00",-0.02276,0.0186047,-0.0673274,0.0104662,0.0652174,-0.0145556,-0.0134318,-0.00169091,0.00354265,-0.00964929
"2020-07-13 00:00:00",-0.0527712,0.086758,0.179553,-0.00936254,-0.0204082,-0.0177844,0.00221762,0.0323411,-0.0015062,-0.0175771
"2020-07-14 00:00:00",0.0200747,-0.0588235,-0.082945,0.0134064,0.0208333,-0.0100242,-0.000264384,0.00508635,0.00333878,0.00168393
"2020-07-15 00:00:00",0.117696,0.0446429,-0.0596206,0.00908205,-0.0204082,0.00466727,0.00600932,0.00233654,0.0035897,-0.010561
"2020-07-16 00:00:00",-0.0279124,-0.0512821,0.00864553,-0.0034061,-0.0416667,0.0068655,0.00797998,-0.00433891,0.0040372,0.000713546
"2020-07-17 00:00:00",-0.0114434,0.027027,-0.0828571,0.00284861,0.0869565,0.00912882,0.00966446,-0.00744485,0.00251368,0.00506137
"2020-07-20 00:00:00",0.036148,-0.00438596,-0.0475078,0.00840694,-0.08,0.0269127,-0.00856433,-0.052857,0.00606757,-0.006857
"2020-07-21 00:00:00",-0.0758053,-0.0132159,0.0155356,0.00167904,0.0217391,0.00773666,0.000557202,-0.0331609,0.00372211,-0.00667584
"2020-07-22 00:00:00",0.0411599,-0.0357143,-0.020934,0.00574708,-0.0212766,-0.00757065,-0.0155142,-0.0254236,0.00305511,-0.00684952
"2020-07-23 00:00:00",0.00249306,0.00462963,0.0723684,-0.0123199,-0.0652174,-0.00148956,-0.00433189,-0.012679,0.00127236,-0.0115597
"2020-07-24 00:00:00",-0.0095211,-0.0138249,-0.00920245,-0.0061904,0.0465116,-0.0011051,-0.0125023,0.00205195,-0.00053544,-0.0196486
"2020-07-27 00:00:00",0.00150646,0.0327103,-0.0425697,0.00739514,0.0444444,-0.00803341,-0.00508302,0.00303958,-0.0007378,0.00524024
"2020-07-28 00:00:00",0.000214884,0.00452489,0.0282943,-0.00647339,-0.0425532,0.00717064,-0.00153487,0.00559132,-0.00236829,-0.00761822
"2020-07-29 00:00:00",0.00873675,-0.0315315,-0.052673,0.0124284,0.0222222,0.000686009,-0.000698324,-0.000756478,-0.00103203,0.00108154
"2020-07-30 00:00:00",-0.0132756,-0.0930233,0.0273859,-0.00375025,-0.0434783,-0.00246772,-0.0202289,-0.00975298,0.000681895,0.00542937
"2020-07-31 00:00:00",0.0184905,-0.0102564,-0.0121163,0.0076705,0,0.00313461,-0.0195152,-0.0103358,0.00345408,-0.00387296
"2020-08-03 00:00:00",0.00148347,-0.0310881,-0.00735895,0.00718102,0.0227273,0.00313001,-0.0322749,-0.00329361,0.00341125,-0.00821639
"2020-08-04 00:00:00",-0.000916978,0.00534759,-0.0214168,0.00361193,-0.0888889,0.00290364,-0.0321103,-0.0132358,0.00542832,-0.0174835
"2020-08-05 00:00:00",-0.0144733,0.0478723,-0.0324074,0.00642974,0.0731707,-0.00173837,-0.0162296,-0.00918272,0.00422859,-0.00729383
"2020-08-06 00:00:00",0.0154739,-0.035533,-0.014789,0.0064277,0,0.00401152,-0.00473151,-0.0176177,0.00626418,0.00140182
"2020-08-07 00:00:00",-0.0141093,0.1,-0.019426,0.00063303,0,-0.00250846,0.0173198,-0.0190796,0.00485668,0.00140182
"2020-08-10 00:00:00",-0.0161002,0.0382775,-0.00360198,0.00274222,0.0227273,-0.00602519,0.0311929,-0.0183283,0.00396892,0.00140182
"2020-08-11 00:00:00",NULL,NULL,NULL,-0.00796913,NULL,NULL,NULL,NULL,0.00165271,NULL
"2020-08-12 00:00:00",NULL,NULL,NULL,0.0139965,NULL,NULL,NULL,NULL,0.00316607,NULL
"2020-08-13 00:00:00",NULL,NULL,NULL,-0.00204717,NULL,NULL,NULL,NULL,0.0014711,NULL
"2020-08-14 00:00:00",NULL,NULL,NULL,-0.000171883,NULL,NULL,NULL,NULL,0.00131012,NULL
"2020-08-17 00:00:00",NULL,NULL,NULL,0.00270984,NULL,NULL,NULL,NULL,0.00130364,NULL
"2020-08-18 00:00:00",NULL,NULL,NULL,0.00230339,NULL,NULL,NULL,NULL,0.00335814,NULL
"2020-08-19 00:00:00",NULL,NULL,NULL,-0.0044044,NULL,NULL,NULL,NULL,-0.000322044,NULL
"2020-08-20 00:00:00",NULL,NULL,NULL,0.00315863,NULL,NULL,NULL,NULL,0.000719117,NULL
"2020-08-21 00:00:00",NULL,NULL,NULL,0.00344111,NULL,NULL,NULL,NULL,0.00144172,NULL
"2020-08-24 00:00:00",NULL,NULL,NULL,0.0100437,NULL,NULL,NULL,NULL,0.00290849,NULL
